,movie,time_minute,year,vote,grade,directors
0,Joker,122,2019,808270,2.6831193786337577,168
1,Parasite,132,2019,426750,8.495494529455009,527
2,Knives Out,130,2019,319809,6.045873592790375,493
3,Once Upon a Time... in Hollywood,161,2019,478002,6.211508287042689,534
4,The Gentlemen,113,2019,146955,1.7427371574623636,299
5,1917,119,2019,326813,5.39846503184007,466
6,Avengers: Endgame,181,2019,727950,5.39846503184007,75
7,The Help,146,2011,413849,3.069142795635289,360
8,The Lord of the Rings: The Fellowship of the Ring,178,2001,1603324,7.767567991334224,263
9,Jojo Rabbit,108,2019,225744,2.558335923994344,433
10,The Shawshank Redemption,142,1994,2250445,5.719115045179629,47
11,Back to the Future,116,1985,1009040,6.88877347573572,287
12,Inception,148,2010,1973260,4.775972476888869,404
13,The Godfather,175,1972,1552927,9.244838284145375,124
14,Interstellar,169,2014,1423955,4.775972476888869,195
15,Harry Potter and the Sorcerer's Stone,152,2001,615921,3.335935266158503,102
16,Little Women,135,2019,109304,7.5890076294598625,51
17,The Wolf of Wall Street,180,2013,1121777,4.929205047469622,359
18,The Dark Knight,152,2008,2218163,6.3786285438172365,545
19,Thor: Ragnarok,130,2017,554576,4.775972476888869,255
20,The Silence of the Lambs,118,1991,1218594,6.547221273181471,323
21,Pulp Fiction,154,1994,1761864,8.128814864419045,325
22,Django Unchained,165,2012,1302022,5.881737906435478,88
23,The Lighthouse,109,2019,107984,6.211508287042689,302
24,Titanic,194,1997,1014789,4.929205047469622,454
25,The Matrix,136,1999,1614258,4.624361491060144,351
26,Mad Max: Fury Road,120,2015,844695,7.411836877589791,211
27,Inglourious Basterds,153,2009,1214818,4.034492979297399,121
28,Do the Right Thing,120,1989,82777,7.767567991334224,31
29,Ford v Ferrari,152,2019,222799,5.881737906435478,450
30,The Irishman,209,2019,294013,8.128814864419045,238
31,Se7en,127,1995,1385281,3.472085598023182,50
32,V for Vendetta,132,2005,999697,3.069142795635289,132
33,Indiana Jones and the Last Crusade,127,1989,670271,3.472085598023182,319
34,Avengers: Infinity War,149,2018,780115,3.891265051368257,207
35,Blade Runner 2049,164,2017,432623,5.881737906435478,434
36,No Country for Old Men,122,2007,819747,7.5890076294598625,493
37,Shutter Island,138,2010,1082303,3.2016125936783792,506
38,Jurassic Park,127,1993,833406,3.891265051368257,271
39,The Departed,151,2006,1146894,6.547221273181471,493
40,The Dark Knight Rises,164,2012,1466331,5.39846503184007,392
41,Forrest Gump,142,1994,1735031,6.045873592790375,401
42,Gone Girl,149,2014,822153,5.558019215511944,506
43,The Social Network,120,2010,602011,8.311480638249723,366
44,Fight Club,139,1999,1789160,3.610039376516549,474
45,The Goonies,114,1985,233595,3.069142795635289,446
46,Alien,117,1979,759651,7.236066721638213,83
47,The Prestige,130,2006,1140083,3.610039376516549,96
48,The Lord of the Rings: The Return of the King,201,2003,1589297,8.128814864419045,538
49,Guardians of the Galaxy,121,2014,1014963,5.0840422205170555,498
50,Call Me by Your Name,132,2017,193288,7.947507231830623,138
51,Mission: Impossible - Fallout,147,2018,274343,6.717273725254912,34
52,Green Book,130,2018,327524,4.034492979297399,316
53,Avatar,162,2009,1094198,6.211508287042689,86
54,Harry Potter and the Deathly Hallows: Part 2,130,2011,735217,6.547221273181471,454
55,The Green Mile,189,1999,1097318,2.9385521605035354,19
56,Saving Private Ryan,169,1998,1190141,7.5890076294598625,56
57,Jaws,124,1975,530205,6.88877347573572,466
58,Pirates of the Caribbean: The Curse of the Black Pearl,143,2003,995612,3.2016125936783792,385
59,Goodfellas,146,1990,979080,7.411836877589791,324
60,Schindler's List,195,1993,1169403,8.128814864419045,81
61,Gladiator,155,2000,1293620,3.749773326482549,61
62,Dunkirk,106,2017,520446,8.128814864419045,454
63,Léon: The Professional,110,1994,996068,3.335935266158503,125
64,The Princess Bride,98,1987,380674,5.240467536394058,485
65,The Shining,146,1980,856706,3.610039376516549,474
66,Get Out,104,2017,462747,6.547221273181471,299
67,Captain America: Civil War,147,2016,636373,4.929205047469622,218
68,Bohemian Rhapsody,134,2018,426012,1.5294984798946354,483
69,Apocalypto,139,2006,283235,3.891265051368257,528
70,Raiders of the Lost Ark,115,1981,856997,6.547221273181471,43
71,Wind River,107,2017,191703,4.624361491060144,477
72,Portrait of a Lady on Fire,122,2019,40840,8.311480638249723,424
73,Prisoners,153,2013,572458,4.17943631366719,326
74,Some Like It Hot,121,1959,235428,8.867527654312672,59
75,Spider-Man: Into the Spider-Verse,117,2018,321952,6.88877347573572,461
76,The Breakfast Club,97,1985,342324,3.610039376516549,26
77,"The Good, the Bad and the Ugly",178,1966,664640,7.411836877589791,148
78,Taxi Driver,114,1976,693822,8.128814864419045,406
79,Harry Potter and the Goblet of Fire,157,2005,524135,5.881737906435478,187
80,Whiplash,106,2014,679822,7.061708412275319,539
81,Apocalypse Now,147,1979,583874,8.128814864419045,0
82,Spirited Away,125,2001,614852,8.495494529455009,424
83,The Lord of the Rings: The Two Towers,179,2002,1435890,6.88877347573572,442
84,Batman Begins,140,2005,1265399,4.17943631366719,245
85,Up,96,2009,902226,7.061708412275319,63
86,Requiem for a Dream,102,2000,741204,3.891265051368257,75
87,A Clockwork Orange,136,1971,732813,5.719115045179629,201
88,The Usual Suspects,106,1995,958925,5.240467536394058,433
89,Deadpool 2,119,2018,453152,3.610039376516549,207
90,American History X,119,1998,1004838,3.069142795635289,219
91,The Godfather: Part II,202,1974,1085348,7.411836877589791,224
92,Star Wars: Episode IV - A New Hope,121,1977,1194033,7.411836877589791,487
93,The Hobbit: An Unexpected Journey,169,2012,742075,2.558335923994344,49
94,Tombstone,130,1993,121560,1.6349586844932809,296
95,Hacksaw Ridge,139,2016,410584,4.326074987792051,364
96,Unforgiven,130,1992,362717,6.547221273181471,46
97,Back to the Future Part II,108,1989,460190,2.4355492193753756,491
98,Zodiac,157,2007,433919,5.39846503184007,478
99,Harry Potter and the Prisoner of Azkaban,142,2004,526438,6.045873592790375,405
100,Heat,170,1995,555913,5.0840422205170555,482
101,Guardians of the Galaxy Vol. 2,136,2017,541908,3.749773326482549,21
102,What We Do in the Shadows,86,2014,146695,5.0840422205170555,211
103,Hidden Figures,127,2016,189858,4.775972476888869,509
104,Moana,107,2016,254482,5.881737906435478,348
105,Psycho,109,1960,578278,8.680846732894205,51
106,The Curious Case of Benjamin Button,166,2008,570370,4.17943631366719,97
107,The Revenant,156,2015,676428,5.0840422205170555,8
108,Memento,113,2000,1087118,5.719115045179629,86
109,Inside Man,129,2006,327661,5.0840422205170555,88
110,The Martian,144,2015,732376,5.719115045179629,367
111,Casino,178,1995,446093,4.624361491060144,63
112,12 Years a Slave,134,2013,617248,8.495494529455009,135
113,Toy Story 4,100,2019,181985,6.3786285438172365,336
114,Blade Runner,117,1982,670771,6.3786285438172365,361
115,Watchmen,162,2009,486162,2.314792280097719,348
116,The Avengers,143,2012,1233827,4.034492979297399,207
117,Marriage Story,137,2019,216408,8.128814864419045,122
118,The Notebook,123,2004,502376,1.9650565386268148,421
119,Stand by Me,89,1986,351475,4.929205047469622,313
120,The Hateful Eight,168,2015,491385,3.891265051368257,415
121,Her,126,2013,515746,7.411836877589791,290
122,The Peanut Butter Falcon,97,2019,41462,4.17943631366719,298
123,Room,118,2015,350667,6.717273725254912,548
124,Into the Wild,148,2007,553575,4.624361491060144,534
125,American Beauty,122,1999,1040519,6.3786285438172365,19
126,Baby Driver,113,2017,413402,6.717273725254912,95
127,Apollo 13,140,1995,259605,5.240467536394058,45
128,Catch Me If You Can,141,2002,787210,4.929205047469622,9
129,The Grand Budapest Hotel,99,2014,679425,7.061708412275319,149
130,Boogie Nights,155,1997,231071,6.547221273181471,420
131,"Three Billboards Outside Ebbing, Missouri",115,2017,401748,7.061708412275319,487
132,Scarface,170,1983,712374,3.472085598023182,339
133,Full Metal Jacket,116,1987,650599,5.0840422205170555,36
134,Dazed and Confused,102,1993,158892,5.39846503184007,358
135,Good Will Hunting,126,1997,827056,4.17943631366719,19
136,2001: A Space Odyssey,149,1968,580548,6.3786285438172365,184
137,Billy Elliot,110,2000,122527,4.775972476888869,392
138,Ferris Bueller's Day Off,103,1986,308877,2.9385521605035354,380
139,Ex Machina,108,2014,456482,5.39846503184007,49
140,Children of Men,109,2006,450828,6.3786285438172365,51
141,Eternal Sunshine of the Spotless Mind,108,2004,879563,7.236066721638213,115
142,Deadpool,108,2016,874030,3.472085598023182,195
143,Willy Wonka & the Chocolate Factory,100,1971,171744,3.749773326482549,79
144,Kill Bill: Vol. 1,111,2003,967405,4.034492979297399,278
145,La La Land,128,2016,480085,8.128814864419045,261
146,Zootopia,108,2016,415624,5.39846503184007,133
147,Rogue One: A Star Wars Story,133,2016,532480,3.472085598023182,357
148,There Will Be Blood,158,2007,496310,7.947507231830623,349
149,Logan,137,2017,618528,5.240467536394058,140
150,Iron Man,126,2008,913517,5.558019215511944,220
151,Harry Potter and the Deathly Hallows: Part 1,146,2010,457338,3.472085598023182,390
152,12 Angry Men,96,1957,658884,8.495494529455009,44
153,The Fifth Element,126,1997,421882,1.8527850657860991,517
154,Terminator 2: Judgment Day,137,1991,965828,4.929205047469622,410
155,The Lion King,88,1994,907106,7.061708412275319,339
156,The Perks of Being a Wallflower,103,2012,446644,3.749773326482549,153
157,The Big Lebowski,117,1998,703460,4.326074987792051,125
158,One Flew Over the Cuckoo's Nest,133,1975,882251,6.211508287042689,548
159,300,117,2006,718195,1.8527850657860991,274
160,Almost Famous,122,2000,244945,7.411836877589791,270
161,The Big Short,130,2015,342787,5.881737906435478,64
162,True Romance,119,1993,199996,2.6831193786337577,87
163,A Star Is Born,136,2018,310755,7.061708412275319,358
164,Braveheart,178,1995,934564,3.891265051368257,96
165,Aliens,137,1986,633321,6.3786285438172365,497
166,E.T. the Extra-Terrestrial,115,1982,358369,7.5890076294598625,82
167,Malcolm X,202,1992,81246,4.47438962317767,79
168,Casino Royale,144,2006,565690,5.719115045179629,404
169,Drive,100,2011,552846,5.39846503184007,208
170,Arrival,116,2016,567124,5.881737906435478,422
171,Being John Malkovich,113,1999,300564,7.411836877589791,408
172,The Truman Show,103,1998,897070,7.411836877589791,253
173,The Hobbit: The Desolation of Smaug,161,2013,587138,3.610039376516549,341
174,Howl's Moving Castle,119,2004,311562,5.719115045179629,105
175,The Girl with the Dragon Tattoo,158,2011,407888,4.326074987792051,233
176,Remember the Titans,113,2000,192344,1.4264086721553537,63
177,Snatch,102,2000,759677,2.1960998155821607,104
178,Captain Fantastic,118,2016,178684,4.47438962317767,516
179,Star Wars: Episode VII - The Force Awakens,138,2015,839514,5.719115045179629,507
180,The Imitation Game,114,2014,659989,4.624361491060144,500
181,The Invisible Guest,106,2016,120542,5.5,39
182,Reservoir Dogs,99,1992,887109,5.558019215511944,190
183,Oldboy,120,2003,494764,5.240467536394058,85
184,Pride & Prejudice,129,2005,244023,6.045873592790375,301
185,Your Name.,106,2016,170915,5.558019215511944,337
186,The Pianist,150,2002,698695,6.547221273181471,210
187,X-Men: First Class,131,2011,633005,3.472085598023182,92
188,Misery,107,1990,176875,4.929205047469622,243
189,Harry Potter and the Half-Blood Prince,153,2009,452034,5.39846503184007,362
190,The Terminator,107,1984,776820,6.3786285438172365,282
191,Once Upon a Time in America,229,1984,298223,5.5,446
192,Sicario,121,2015,355504,6.045873592790375,237
193,Mulholland Drive,147,2001,308551,6.547221273181471,33
194,Kingsman: The Secret Service,129,2014,574302,2.809868128578279,57
195,12 Monkeys,129,1995,564045,4.775972476888869,422
196,Minority Report,145,2002,493834,5.719115045179629,127
197,American Psycho,101,2000,466034,3.335935266158503,469
198,Star Wars: Episode V - The Empire Strikes Back,124,1980,1121639,6.045873592790375,531
199,The Hangover,100,2009,700657,4.624361491060144,8
200,Ocean's Eleven,116,2001,499513,4.775972476888869,11
201,Fantastic Mr. Fox,87,2009,190195,6.211508287042689,442
202,Sin City,124,2005,730640,4.775972476888869,283
203,Coco,105,2017,342078,5.881737906435478,144
204,Star Trek,127,2009,569360,6.045873592790375,260
205,The Blues Brothers,133,1980,176368,2.809868128578279,303
206,Princess Mononoke,134,1997,324400,5.0840422205170555,332
207,Captain America: The Winter Soldier,136,2014,712348,4.17943631366719,189
208,Moneyball,133,2011,348876,6.88877347573572,105
209,The Handmaiden,145,2016,100458,6.3786285438172365,403
210,Life Is Beautiful,116,1997,598334,2.6831193786337577,81
211,Black Swan,108,2010,680810,5.558019215511944,201
212,Edge of Tomorrow,113,2014,580021,4.326074987792051,187
213,Mystic River,138,2003,407906,6.3786285438172365,8
214,Die Hard,132,1988,761275,4.47438962317767,368
215,The Exorcist,122,1973,351191,5.881737906435478,264
216,The Sixth Sense,107,1999,886686,3.335935266158503,229
217,Blue Is the Warmest Colour,180,2013,133538,7.061708412275319,245
218,Ghostbusters,105,1984,343565,4.326074987792051,207
219,Vertigo,128,1958,346756,9.244838284145375,6
220,Superbad,113,2007,507171,5.0840422205170555,98
221,Fargo,98,1996,594792,6.547221273181471,95
222,True Grit,110,2010,301189,5.719115045179629,49
223,A Beautiful Mind,135,2001,819249,4.47438962317767,413
224,Cast Away,143,2000,504556,4.624361491060144,162
225,Gran Torino,116,2008,701471,4.47438962317767,269
226,Man on Fire,146,2004,321224,1.325745073534124,186
227,Airplane!,88,1980,204233,5.39846503184007,428
228,Donnie Darko,113,2001,723417,7.061708412275319,450
229,The Thing,109,1982,355410,2.4355492193753756,415
230,Star Wars: Episode VI - Return of the Jedi,131,1983,919720,2.558335923994344,547
231,Training Day,122,2001,377080,4.034492979297399,306
232,Predator,107,1987,361510,1.1319409878611162,252
233,Million Dollar Baby,132,2004,617086,6.717273725254912,254
234,Spotlight,129,2015,400072,7.947507231830623,170
235,Crash,112,2004,412912,3.610039376516549,299
236,Stardust,127,2007,247858,3.610039376516549,259
237,Primal Fear,129,1996,177630,1.325745073534124,93
238,Atonement,123,2007,240779,6.547221273181471,448
239,Love Actually,135,2003,413048,2.1960998155821607,389
240,Birdman or (The Unexpected Virtue of Ignorance),119,2014,559780,6.88877347573572,523
241,Silver Linings Playbook,122,2012,646472,5.881737906435478,350
242,The Sound of Music,172,1965,196614,3.2016125936783792,106
243,Gone with the Wind,238,1939,279687,8.680846732894205,337
244,Capernaum,126,2018,48853,4.929205047469622,449
245,A Few Good Men,138,1992,226631,3.069142795635289,494
246,Indiana Jones and the Temple of Doom,118,1984,432978,2.4355492193753756,238
247,City of God,130,2002,680217,5.558019215511944,147
248,Anatomy of a Murder,161,1959,57518,8.311480638249723,320
249,Platoon,120,1986,370015,7.767567991334224,228
250,The Wizard of Oz,102,1939,364305,9.244838284145375,395
251,The Godfather: Part III,162,1990,346430,2.809868128578279,277
252,Pan's Labyrinth,118,2006,601689,8.867527654312672,27
253,What's Eating Gilbert Grape,118,1993,208011,4.624361491060144,380
254,Casablanca,102,1942,504601,9.244838284145375,17
255,Nightcrawler,117,2014,441735,5.0840422205170555,495
256,The Deer Hunter,183,1978,301169,6.717273725254912,433
257,Dallas Buyers Club,117,2013,425640,5.719115045179629,196
258,Ratatouille,111,2007,618357,8.495494529455009,269
259,Inside Out,95,2015,584517,8.128814864419045,466
260,The Intouchables,112,2011,728671,2.4355492193753756,390
261,Dead Poets Society,128,1989,404991,5.558019215511944,215
262,Mulan,88,1998,241151,4.326074987792051,533
263,Warrior,140,2011,423681,4.326074987792051,218
264,As Good as It Gets,139,1997,267617,3.749773326482549,336
265,Skyfall,143,2012,616482,5.881737906435478,145
266,Kill Bill: Vol. 2,137,2004,661389,6.211508287042689,383
267,The Last Samurai,154,2003,388220,2.1960998155821607,541
268,Tangled,100,2010,392082,4.326074987792051,184
269,Once Upon a Time in the West,165,1968,290976,5.719115045179629,162
270,Seven Samurai,207,1954,304054,8.867527654312672,278
271,A Streetcar Named Desire,122,1951,96154,8.680846732894205,256
272,Little Miss Sunshine,101,2006,428000,5.719115045179629,435
273,Brokeback Mountain,134,2005,314269,6.88877347573572,151
274,The Incredibles,115,2004,637383,7.411836877589791,191
275,Argo,120,2012,559115,6.717273725254912,495
276,About Time,123,2013,286083,2.1960998155821607,430
277,Trainspotting,93,1996,618534,6.211508287042689,190
278,Road to Perdition,117,2002,240556,4.47438962317767,234
279,Mary Poppins,139,1964,152744,7.061708412275319,501
280,Come and See,142,1985,51377,5.5,307
281,The Hunt,115,2012,265178,5.240467536394058,135
282,28 Days Later...,113,2002,366409,4.624361491060144,191
283,Gravity,91,2013,749384,8.495494529455009,320
284,Toy Story,81,1995,855533,8.311480638249723,499
285,Midnight in Paris,94,2011,375024,5.881737906435478,472
286,Slumdog Millionaire,120,2008,781084,6.3786285438172365,380
287,Incredibles 2,118,2018,234857,5.719115045179629,373
288,The Hunt for Red October,135,1990,173017,2.558335923994344,247
289,Wonder,113,2017,130464,3.610039376516549,500
290,The Wild Bunch,135,1969,75405,8.680846732894205,331
291,Changeling,141,2008,231199,3.2016125936783792,144
292,Hell or High Water,102,2016,194809,7.061708412275319,166
293,Zombieland,88,2009,505999,4.624361491060144,430
294,Home Alone,103,1990,447638,3.2016125936783792,503
295,The Florida Project,111,2017,86751,7.767567991334224,59
296,X-Men: Days of Future Past,132,2014,646078,4.929205047469622,537
297,Black Hawk Down,144,2001,355368,4.775972476888869,514
298,Amélie,122,2001,685027,4.034492979297399,9
299,Lion,118,2016,203166,4.034492979297399,266
300,The Butterfly Effect,113,2004,440947,0.07701882886671278,467
301,Boyz n the Hood,112,1991,119862,5.0840422205170555,54
302,Blue Velvet,120,1986,174071,5.0840422205170555,516
303,Lost in Translation,102,2003,397205,7.236066721638213,479
304,Straight Outta Compton,147,2015,174367,4.47438962317767,78
305,Magnolia,188,1999,282219,5.240467536394058,369
306,"Lock, Stock and Two Smoking Barrels",107,1998,519580,3.610039376516549,383
307,Rocky,120,1976,501228,4.17943631366719,360
308,500 Days of Summer,95,2009,460632,5.0840422205170555,14
309,Young Frankenstein,106,1974,139110,5.719115045179629,69
310,From Here to Eternity,118,1953,41825,6.547221273181471,144
311,Finding Nemo,100,2003,919585,7.411836877589791,254
312,Hot Fuzz,121,2007,448860,5.881737906435478,475
313,L.A. Confidential,138,1997,517007,7.411836877589791,5
314,Citizen Kane,119,1941,384883,9.244838284145375,520
315,My Neighbor Totoro,86,1988,271617,6.717273725254912,114
316,Kick-Ass,117,2010,515001,3.610039376516549,118
317,The Dirty Dozen,150,1967,65096,4.624361491060144,255
318,Amadeus,160,1984,357406,7.061708412275319,73
319,Blazing Saddles,93,1974,121965,4.624361491060144,168
320,Rush,123,2013,417977,4.775972476888869,242
321,Memories of Murder,132,2003,124088,6.045873592790375,337
322,The Lives of Others,137,2006,345578,7.236066721638213,354
323,The Graduate,106,1967,247921,6.211508287042689,247
324,Rear Window,112,1954,427015,9.244838284145375,489
325,The Untouchables,119,1987,269966,5.558019215511944,395
326,North by Northwest,136,1959,288220,8.867527654312672,339
327,The Thin Red Line,170,1998,167782,5.39846503184007,25
328,Philadelphia,125,1993,217334,3.610039376516549,100
329,WALL·E,98,2008,965008,8.311480638249723,173
330,Shrek,90,2001,594987,6.3786285438172365,292
331,The Game,129,1997,333030,2.9385521605035354,23
332,Incendies,131,2010,139286,5.719115045179629,381
333,Aladdin,90,1992,359215,6.717273725254912,217
334,Mississippi Burning,128,1988,84155,3.472085598023182,94
335,Hunt for the Wilderpeople,101,2016,102203,5.881737906435478,150
336,Taken,90,2008,554946,1.7427371574623636,443
337,Manchester by the Sea,137,2016,234911,8.495494529455009,539
338,The Fighter,116,2010,331267,5.558019215511944,24
339,Moonrise Kingdom,94,2012,308191,6.3786285438172365,50
340,In Bruges,107,2008,380393,3.749773326482549,154
341,Big Fish,125,2003,405127,2.558335923994344,224
342,Cool Hand Luke,127,1967,156694,7.767567991334224,167
343,The Farewell,100,2019,40791,7.236066721638213,299
344,3 Idiots,170,2009,326548,3.749773326482549,133
345,The Pursuit of Happyness,117,2006,431951,3.335935266158503,262
346,Groundhog Day,101,1993,564969,4.47438962317767,329
347,The Bridges of Madison County,135,1995,70158,3.610039376516549,339
348,Shaun of the Dead,99,2004,497938,5.0840422205170555,144
349,Chinatown,130,1974,283083,7.767567991334224,112
350,District 9,112,2009,626609,5.881737906435478,159
351,The Machinist,101,2004,347633,2.9385521605035354,110
352,First Blood,93,1982,219028,2.9385521605035354,393
353,Dr. Strangelove or: How I Learned to Stop Worrying and Love the Bomb,95,1964,436754,8.680846732894205,276
354,Sherlock Holmes,128,2009,570283,2.4355492193753756,103
355,"Monsters, Inc.",92,2001,787589,5.558019215511944,244
356,Blood Diamond,143,2006,485355,3.335935266158503,389
357,Despicable Me,95,2010,487446,4.47438962317767,533
358,American Gangster,157,2007,381085,5.0840422205170555,28
359,Saw,103,2004,368865,1.2275676356111704,373
360,Serenity,119,2005,278257,4.775972476888869,425
361,Mad Max 2: The Road Warrior,96,1981,161899,5.240467536394058,434
362,Lawrence of Arabia,228,1962,258252,9.244838284145375,246
363,Close Encounters of the Third Kind,138,1977,177952,7.411836877589791,302
364,Before Sunrise,101,1995,258027,5.240467536394058,234
365,A Fistful of Dollars,99,1964,189680,3.472085598023182,210
366,Edward Scissorhands,105,1990,433835,4.775972476888869,377
367,Scent of a Woman,156,1992,248641,2.6831193786337577,52
368,Moon,97,2009,326768,3.749773326482549,224
369,"O Brother, Where Art Thou?",107,2000,276325,4.034492979297399,360
370,Office Space,89,1999,235927,3.891265051368257,449
371,Star Trek Into Darkness,132,2013,456515,4.47438962317767,378
372,The Blind Side,129,2009,282757,1.9650565386268148,25
373,The King's Speech,118,2010,623320,7.061708412275319,35
374,Big Hero 6,102,2014,396832,4.775972476888869,98
375,To Kill a Mockingbird,129,1962,286325,7.061708412275319,450
376,Sleepers,147,1996,182513,1.5294984798946354,136
377,The Great Beauty,141,2013,77752,6.717273725254912,53
378,Life of Pi,127,2012,565509,5.558019215511944,378
379,Roma,135,2018,131522,8.495494529455009,249
380,Gifted,101,2017,93766,2.809868128578279,38
381,The Last of the Mohicans,112,1992,144009,5.0840422205170555,5
382,The Man Who Shot Liberty Valance,123,1962,66471,8.128814864419045,416
383,Halloween,91,1978,220077,6.88877347573572,341
384,Downfall,156,2004,321736,6.045873592790375,138
385,The Little Mermaid,83,1989,229171,7.061708412275319,314
386,Fear and Loathing in Las Vegas,118,1998,252492,0.7764385358803358,131
387,Who Framed Roger Rabbit,104,1988,176850,6.211508287042689,394
388,Dances with Wolves,181,1990,232824,4.47438962317767,297
389,Monty Python and the Holy Grail,91,1975,487108,7.947507231830623,112
390,7 Kogustaki Mucize,132,2019,26137,5.5,214
391,The Secret in Their Eyes,129,2009,185382,5.719115045179629,165
392,The Sandlot,101,1993,76061,2.1960998155821607,352
393,The Fault in Our Stars,126,2014,333228,4.034492979297399,489
394,Raging Bull,129,1980,310099,7.236066721638213,139
395,The Great Escape,172,1963,217236,6.717273725254912,114
396,Deliverance,109,1972,95700,5.719115045179629,6
397,Spartacus,197,1960,120468,6.88877347573572,325
398,La Haine,98,1995,141837,5.5,350
399,Grave of the Fireflies,89,1988,220528,8.128814864419045,408
400,Y Tu Mamá También,106,2001,112545,7.061708412275319,161
401,The Hurt Locker,131,2008,410907,8.311480638249723,314
402,Traffic,147,2000,191887,6.717273725254912,217
403,Dangal,161,2016,143569,5.5,261
404,Togo,113,2019,28057,4.034492979297399,51
405,The Red Shoes,135,1948,29350,5.5,221
406,The Bourne Identity,119,2002,495138,3.891265051368257,325
407,Breakfast at Tiffany's,115,1961,161184,5.0840422205170555,166
408,Escape from Alcatraz,112,1979,114113,5.0840422205170555,225
409,Toy Story 3,103,2010,732826,7.767567991334224,386
410,Isle of Dogs,101,2018,129540,6.045873592790375,64
411,Searching,102,2018,126334,4.326074987792051,123
412,End of Watch,109,2012,222361,3.891265051368257,377
413,Match Point,124,2005,201176,4.47438962317767,206
414,Singin' in the Rain,103,1952,210471,9.055527902888933,76
415,It's a Wonderful Life,130,1946,384130,7.236066721638213,289
416,The Theory of Everything,123,2014,386108,4.47438962317767,48
417,Sense and Sensibility,136,1995,98328,6.3786285438172365,113
418,The Crow,102,1994,162314,4.326074987792051,501
419,Stalker,162,1979,109460,5.5,52
420,Beauty and the Beast,84,1991,407787,8.311480638249723,222
421,Brazil,132,1985,182839,6.3786285438172365,41
422,The Color Purple,154,1985,75405,5.39846503184007,445
423,The Fugitive,130,1993,259171,6.88877347573572,420
424,Barry Lyndon,185,1975,143076,7.236066721638213,269
425,Blow,124,2001,234495,1.8527850657860991,429
426,Captain Phillips,134,2013,408062,6.045873592790375,386
427,Rosemary's Baby,137,1968,184736,8.495494529455009,3
428,Gattaca,106,1997,273338,3.335935266158503,222
429,The Warriors,92,1979,90621,3.472085598023182,151
430,The Others,104,2001,327844,4.775972476888869,372
431,Glory,122,1989,117476,5.39846503184007,467
432,The Elephant Man,124,1980,211933,5.39846503184007,144
433,Cinema Paradiso,155,1988,219033,5.719115045179629,382
434,Lost Highway,134,1997,126180,1.8527850657860991,334
435,Planet of the Apes,112,1968,161661,5.558019215511944,162
436,For a Few Dollars More,132,1965,222669,4.775972476888869,32
437,The Birds,119,1963,165160,7.411836877589791,371
438,Empire of the Sun,153,1987,111851,3.069142795635289,444
439,Dirty Harry,102,1971,139143,7.411836877589791,203
440,The French Connection,104,1971,105978,8.128814864419045,5
441,Rain Man,133,1988,461188,3.472085598023182,225
442,Ponyo,101,2008,117538,6.717273725254912,392
443,Das Boot,149,1981,223644,6.717273725254912,29
444,Coraline,100,2009,188551,5.719115045179629,50
445,The Raid: Redemption,101,2011,185447,4.624361491060144,373
446,The Fly,96,1986,153730,5.558019215511944,228
447,The Count of Monte Cristo,131,2002,125817,2.9385521605035354,533
448,Kiki's Delivery Service,103,1989,114641,6.211508287042689,518
449,Wreck-It Ralph,101,2012,367961,4.47438962317767,78
450,Boyhood,165,2014,328408,9.244838284145375,189
451,How to Train Your Dragon,98,2010,645412,4.929205047469622,203
452,The Boy in the Striped Pajamas,94,2008,183813,2.1960998155821607,528
453,This Is Spinal Tap,82,1984,125475,7.767567991334224,300
454,A Bronx Tale,121,1993,123646,5.719115045179629,140
455,Serpico,130,1973,104817,6.88877347573572,507
456,The Sting,129,1973,233778,6.211508287042689,176
457,Mr. Nobody,141,2009,209620,3.2016125936783792,178
458,The Royal Tenenbaums,110,2001,258614,5.0840422205170555,49
459,Withnail & I,107,1987,38874,6.3786285438172365,245
460,When Harry Met Sally...,95,1989,188369,5.0840422205170555,53
461,Wild Tales,122,2014,167173,5.240467536394058,474
462,The Skin I Live In,120,2011,133173,4.17943631366719,396
463,Die Hard with a Vengeance,128,1995,354709,2.558335923994344,40
464,In the Heat of the Night,110,1967,64854,4.929205047469622,159
465,Nausicaä of the Valley of the Wind,117,1984,141754,6.717273725254912,216
466,Short Term 12,96,2013,78430,6.045873592790375,463
467,Gone Baby Gone,114,2007,243599,4.47438962317767,55
468,My Cousin Vinny,120,1992,102397,3.891265051368257,507
469,I Saw the Devil,144,2010,104049,3.749773326482549,353
470,Walk the Line,136,2005,227402,4.47438962317767,210
471,Carlito's Way,144,1993,194536,3.472085598023182,510
472,Kung Fu Hustle,99,2004,123265,5.39846503184007,135
473,Dog Day Afternoon,125,1975,228591,6.717273725254912,489
474,Dogville,178,2003,133634,2.809868128578279,214
475,Creed,133,2015,239583,6.045873592790375,26
476,Goldfinger,110,1964,167349,6.88877347573572,294
477,Annie Hall,93,1977,246411,7.767567991334224,55
478,Dangerous Liaisons,119,1988,62639,4.775972476888869,359
479,The Conversation,113,1974,94179,6.547221273181471,423
480,Donnie Brasco,127,1997,268197,5.0840422205170555,459
481,The Girl with the Dragon Tattoo,152,2009,204909,5.0840422205170555,299
482,Eastern Promises,100,2007,222236,6.045873592790375,539
483,Toy Story 2,92,1999,509780,7.061708412275319,394
484,The Boondock Saints,108,1999,223501,1.0389350797812154,216
485,Rise of the Planet of the Apes,105,2011,487947,3.891265051368257,42
486,The Jungle Book,78,1967,160704,3.472085598023182,36
487,Midnight Cowboy,113,1969,97419,5.558019215511944,304
488,Solaris,167,1972,76765,7.411836877589791,153
489,Bridge of Spies,142,2015,277951,5.881737906435478,346
490,Midnight Express,121,1978,70788,2.6831193786337577,340
491,Shoplifters,121,2018,53668,7.947507231830623,210
492,The Seventh Seal,96,1957,156605,5.5,509
493,Ben-Hur,212,1959,212789,7.411836877589791,303
494,Network,121,1976,140122,6.211508287042689,208
495,In the Mood for Love,98,2000,116923,6.547221273181471,447
496,Castle in the Sky,125,1986,142703,5.39846503184007,12
497,Dark City,100,1998,183761,3.610039376516549,378
498,Where Eagles Dare,158,1968,50139,3.2016125936783792,515
499,Hachi: A Dog's Tale,93,2009,242438,5.5,528
500,Lethal Weapon,109,1987,230343,3.891265051368257,514
501,3:10 to Yuma,122,2007,281219,5.0840422205170555,72
502,"Paris, Texas",145,1984,84201,5.39846503184007,25
503,The Raid 2,150,2014,110859,4.326074987792051,338
504,Klaus,96,2019,70377,3.472085598023182,233
505,The Naked Gun: From the Files of Police Squad!,85,1988,145969,5.0840422205170555,39
506,A Silent Voice: The Movie,130,2016,37785,5.39846503184007,130
507,The Right Stuff,193,1983,54505,7.5890076294598625,220
508,Before Sunset,80,2004,225132,7.411836877589791,482
509,Andhadhun,139,2018,62040,5.5,434
510,127 Hours,94,2010,339515,6.045873592790375,344
511,A Separation,123,2011,211641,8.311480638249723,111
512,The Bourne Supremacy,108,2004,423999,4.624361491060144,163
513,Metropolis,153,1927,154261,8.867527654312672,536
514,Dawn of the Planet of the Apes,130,2014,404202,5.558019215511944,117
515,Enemy at the Gates,131,2001,236071,1.9650565386268148,538
516,Sunset Blvd.,110,1950,193002,5.5,475
517,The Life of David Gale,130,2003,105960,0.11857824421031032,34
518,The Magnificent Seven,128,1960,84998,4.775972476888869,483
519,Robin Hood,83,1973,111472,2.4355492193753756,13
520,The Quiet Man,129,1952,33512,5.5,412
521,Battle Royale,114,2000,165092,5.881737906435478,210
522,Falling Down,113,1993,164152,2.314792280097719,275
523,The Bourne Ultimatum,115,2007,594601,6.547221273181471,177
524,Akira,124,1988,156746,5.5,202
525,Adaptation.,115,2002,172238,6.211508287042689,469
526,Roman Holiday,118,1953,123371,5.39846503184007,282
527,Mother,129,2009,47172,5.558019215511944,174
528,The Outlaw Josey Wales,135,1976,63393,4.034492979297399,409
529,Butch Cassidy and the Sundance Kid,110,1969,197849,3.610039376516549,198
530,Fried Green Tomatoes,130,1991,64702,3.335935266158503,35
531,JFK,189,1991,137020,4.47438962317767,4
532,Ghost in the Shell,83,1995,123868,5.0840422205170555,136
533,The Illusionist,110,2006,348512,3.891265051368257,515
534,The Ten Commandments,220,1956,61774,5.5,313
535,Only the Brave,134,2017,53646,4.47438962317767,469
536,The Body,108,2012,52984,5.5,495
537,Gangs of Wasseypur,321,2012,76107,7.236066721638213,257
538,Bonnie and Clyde,111,1967,99274,6.717273725254912,125
539,Seven Pounds,123,2008,280469,0.4002015742097974,168
540,The Artist,100,2011,225623,7.236066721638213,458
541,The Lego Movie,100,2014,317263,6.211508287042689,412
542,Blood Simple,99,1984,84283,5.881737906435478,342
543,Harakiri,133,1962,34878,6.547221273181471,438
544,Before Midnight,109,2013,134056,8.128814864419045,10
545,In the Name of the Father,133,1993,150735,6.3786285438172365,30
546,Monty Python's Life of Brian,94,1979,355538,5.240467536394058,524
547,Ran,162,1985,106984,8.495494529455009,124
548,The Man from Earth,87,2007,168865,5.5,165
549,Star Trek II: The Wrath of Khan,113,1982,109790,3.749773326482549,85
550,Ip Man,106,2008,206026,2.6831193786337577,427
551,The Longest Day,178,1962,51045,4.929205047469622,380
552,The Last Picture Show,118,1971,40641,7.947507231830623,364
553,The Holy Mountain,114,1973,34785,5.5,107
554,"Crouching Tiger, Hidden Dragon",120,2000,248063,8.128814864419045,463
555,Blow-Up,111,1966,54272,6.045873592790375,316
556,The Day of the Jackal,143,1973,36112,5.719115045179629,227
557,Gandhi,191,1982,213878,5.558019215511944,258
558,The Nightmare Before Christmas,76,1993,283013,6.045873592790375,85
559,The Wind Rises,126,2013,68344,6.211508287042689,406
560,Like Stars on Earth,165,2007,158239,5.5,338
561,His Girl Friday,92,1940,51555,5.5,538
562,Funny Games,108,1997,61678,4.034492979297399,22
563,The Apartment,125,1960,156420,8.128814864419045,49
564,The Wrestler,109,2008,284788,5.719115045179629,154
565,Ray,152,2004,134799,4.624361491060144,253
566,"Blood In, Blood Out",180,1993,27995,1.325745073534124,291
567,Night of the Living Dead,96,1968,111890,7.236066721638213,264
568,Amores Perros,154,2000,217249,6.211508287042689,274
569,Kelly's Heroes,144,1970,43862,1.6349586844932809,298
570,The Great Dictator,125,1940,194678,5.5,264
571,The Insider,157,1999,155811,6.3786285438172365,348
572,This Is England,101,2006,113535,6.717273725254912,92
573,Paths of Glory,88,1957,169894,5.5,78
574,"Synecdoche, New York",124,2008,78273,3.749773326482549,299
575,Pride,119,2014,49730,5.558019215511944,211
576,October Sky,108,1999,79145,4.326074987792051,392
577,Black Book,145,2006,71040,4.326074987792051,152
578,The King of Comedy,109,1982,82199,4.624361491060144,386
579,Enter the Dragon,102,1973,93312,6.211508287042689,29
580,Dawn of the Dead,127,1978,108294,4.326074987792051,493
581,Perfect Blue,81,1997,51981,5.5,317
582,Mommy,139,2014,47771,4.775972476888869,366
583,Snow White and the Seven Dwarfs,83,1937,175361,8.311480638249723,412
584,On the Waterfront,108,1954,136755,7.5890076294598625,410
585,Rebel Without a Cause,111,1955,80646,7.236066721638213,524
586,The Best Offer,131,2013,103886,1.5294984798946354,456
587,Letters from Iwo Jima,141,2006,151139,7.236066721638213,189
588,Charade,113,1963,65093,6.211508287042689,10
589,Let the Right One In,114,2008,201373,6.045873592790375,175
590,Beasts of No Nation,137,2015,70407,5.558019215511944,149
591,The Searchers,119,1956,77465,8.128814864419045,140
592,Papillon,151,1973,118274,2.558335923994344,426
593,The Bridge on the River Kwai,161,1957,196609,6.88877347573572,236
594,Key Largo,100,1948,35913,5.5,237
595,My Fair Lady,170,1964,83936,8.311480638249723,310
596,All About Eve,138,1950,116232,8.867527654312672,425
597,Duck Soup,69,1933,54327,7.947507231830623,531
598,The Last Emperor,163,1987,90718,5.0840422205170555,231
599,After Hours,97,1985,55512,7.411836877589791,13
600,The Fall,117,2006,105135,3.335935266158503,135
601,8½,138,1963,105133,5.5,500
602,King Kong,100,1933,76825,7.411836877589791,384
603,M,99,1931,137350,5.5,56
604,Rushmore,93,1998,164313,6.717273725254912,288
605,Baahubali: The Beginning,159,2015,98792,5.5,205
606,Persona,83,1966,96798,6.717273725254912,376
607,Days of Heaven,94,1978,50060,7.947507231830623,160
608,50/50,100,2011,310185,4.47438962317767,440
609,Modern Times,87,1936,207989,8.495494529455009,312
610,Hotel Rwanda,121,2004,326751,5.558019215511944,513
611,Cold War,89,2018,44379,7.411836877589791,179
612,Shane,118,1953,35748,5.719115045179629,261
613,Nosferatu,94,1922,85719,5.5,258
614,Hero,120,2002,171062,6.547221273181471,291
615,The Name of the Rose,130,1986,98577,2.0795083794012474,209
616,25th Hour,135,2002,166732,3.749773326482549,225
617,Witness for the Prosecution,116,1957,102395,5.5,317
618,Awakenings,121,1990,119180,4.775972476888869,11
619,Whisper of the Heart,111,1995,46938,4.929205047469622,461
620,Dead Man,121,1995,87910,3.069142795635289,514
621,Three Colors: Red,99,1994,86254,9.244838284145375,432
622,The Third Man,93,1949,153651,8.680846732894205,252
623,The Remains of the Day,134,1993,63067,6.3786285438172365,186
624,The Secret World of Arrietty,94,2010,75776,5.719115045179629,74
625,I Am Sam,132,2001,140330,0.014822280526288712,546
626,Kramer vs. Kramer,105,1979,127505,5.240467536394058,389
627,Ordinary People,124,1980,45076,6.717273725254912,478
628,Naked,132,1993,32719,6.3786285438172365,261
629,The White Ribbon,144,2009,66685,6.045873592790375,290
630,Winter Sleep,196,2014,43035,7.061708412275319,192
631,Doctor Zhivago,197,1965,67588,4.034492979297399,368
632,Rope,80,1948,124006,4.624361491060144,267
633,Rebecca,130,1940,117809,6.717273725254912,219
634,Breathless,90,1960,70041,5.5,74
635,All the President's Men,138,1976,98589,6.3786285438172365,292
636,Double Indemnity,107,1944,137661,8.311480638249723,120
637,Flipped,90,2010,78836,1.1319409878611162,262
638,Cinderella Man,144,2005,172387,4.034492979297399,275
639,Dancer in the Dark,140,2000,99109,2.9385521605035354,50
640,Paddington 2,103,2017,56645,7.061708412275319,295
641,Sing Street,106,2016,81533,5.558019215511944,250
642,Cabaret,124,1972,46575,5.719115045179629,275
643,3-Iron,88,2004,48011,4.47438962317767,345
644,Rio Bravo,141,1959,54053,5.5,401
645,High Noon,85,1952,94722,7.236066721638213,97
646,Clerks,92,1994,208153,4.17943631366719,149
647,21 Grams,124,2003,220000,4.17943631366719,179
648,Glengarry Glen Ross,100,1992,92839,6.045873592790375,180
649,Porco Rosso,94,1992,72096,6.211508287042689,189
650,Sabrina,113,1954,56945,4.47438962317767,113
651,The Lunchbox,104,2013,47769,5.0840422205170555,473
652,Lord of War,122,2005,287923,3.069142795635289,219
653,How to Train Your Dragon 2,102,2014,295732,5.0840422205170555,130
654,Sling Blade,135,1996,85188,6.3786285438172365,521
655,The Iron Giant,86,1999,166517,6.547221273181471,511
656,Dial M for Murder,105,1954,151024,4.929205047469622,475
657,The Maltese Falcon,100,1941,145622,8.495494529455009,414
658,Ed Wood,127,1994,162079,4.17943631366719,440
659,"Planes, Trains & Automobiles",93,1987,117966,4.47438962317767,441
660,Miller's Crossing,115,1990,122866,3.610039376516549,156
661,Evil Dead II,84,1987,143356,4.034492979297399,317
662,Rashomon,88,1950,145883,8.867527654312672,274
663,Hedwig and the Angry Inch,95,2001,31172,6.547221273181471,89
664,La Dolce Vita,174,1960,63586,8.311480638249723,425
665,The Man from Nowhere,119,2010,59942,5.5,62
666,Barton Fink,116,1991,109688,4.034492979297399,534
667,Guess Who's Coming to Dinner,108,1967,37752,3.2016125936783792,167
668,Giant,201,1956,32883,6.3786285438172365,378
669,Three Colors: Blue,94,1993,84903,6.547221273181471,251
670,Chungking Express,102,1994,58729,5.240467536394058,208
671,Lucky Number Slevin,110,2006,295515,1.9650565386268148,321
672,The Night of the Hunter,92,1955,79170,9.055527902888933,167
673,Lady Vengeance,115,2005,69380,4.929205047469622,518
674,Fiddler on the Roof,181,1971,37642,3.749773326482549,153
675,Fanny and Alexander,188,1982,55375,9.244838284145375,444
676,Paprika,90,2006,67060,5.881737906435478,319
677,The Best Years of Our Lives,170,1946,55807,7.947507231830623,437
678,Harold and Maude,91,1971,68683,3.069142795635289,1
679,Cape Fear,106,1962,25311,5.0840422205170555,134
680,Bicycle Thieves,89,1948,139122,5.5,75
681,It Happened One Night,105,1934,90134,6.88877347573572,120
682,What Ever Happened to Baby Jane?,134,1962,48196,4.929205047469622,410
683,My Left Foot,103,1989,65338,8.680846732894205,16
684,The Adventures of Robin Hood,102,1938,45804,8.680846732894205,362
685,The Last King of Scotland,123,2006,171668,4.775972476888869,471
686,Freaks,64,1932,40702,5.719115045179629,337
687,Anand,122,1971,26548,5.5,485
688,Wings of Desire,128,1987,62049,5.558019215511944,348
689,Belle de Jour,100,1967,38526,5.5,478
690,Me and Earl and the Dying Girl,105,2015,119367,4.775972476888869,480
691,PK,153,2014,153764,5.5,29
692,Finding Neverland,106,2004,195373,3.749773326482549,56
693,The Straight Story,112,1999,79014,6.717273725254912,375
694,Yojimbo,110,1961,105665,5.5,106
695,Gully Boy,153,2019,27470,3.472085598023182,530
696,Victoria,138,2015,49647,5.240467536394058,155
697,Mary and Max,92,2009,159467,5.5,108
698,Nebraska,115,2013,109774,6.88877347573572,343
699,The Mirror,107,1975,37202,5.5,326
700,Manhattan,96,1979,127971,6.211508287042689,193
701,Paper Moon,102,1973,40713,5.240467536394058,120
702,Loving Vincent,94,2017,47081,3.069142795635289,96
703,Detachment,98,2011,73886,1.8527850657860991,164
704,Drishyam,163,2015,63632,5.5,86
705,Badlands,94,1973,62984,7.947507231830623,437
706,The Tale of The Princess Kaguya,137,2013,34977,7.236066721638213,271
707,Pink Floyd: The Wall,95,1982,73976,1.325745073534124,348
708,Breaking the Waves,159,1996,60530,5.0840422205170555,489
709,The Muppet Movie,95,1979,31461,4.775972476888869,522
710,Strangers on a Train,101,1951,119738,7.061708412275319,189
711,Run Lola Run,80,1998,184777,5.240467536394058,486
712,Kubo and the Two Strings,101,2016,113677,6.3786285438172365,327
713,All That Jazz,123,1979,26678,4.47438962317767,478
714,A Little Princess,97,1995,31109,6.211508287042689,397
715,Stalag 17,120,1953,49928,6.3786285438172365,148
716,The Tenant,126,1976,37747,5.5,516
717,Fantasia,125,1940,85962,8.495494529455009,12
718,Patton,172,1970,91695,7.5890076294598625,281
719,Repulsion,105,1965,47064,7.5890076294598625,423
720,City Lights,87,1931,160093,9.055527902888933,443
721,The Hurricane,146,1999,89457,4.775972476888869,309
722,When Marnie Was There,103,2014,29201,4.47438962317767,6
723,Land of Mine,100,2015,32849,4.929205047469622,11
724,Ninja Scroll,94,1993,33447,5.5,295
725,The Chaser,125,2008,55172,3.335935266158503,198
726,The Treasure of the Sierra Madre,126,1948,110017,8.867527654312672,357
727,Amour,127,2012,90226,8.128814864419045,408
728,Being There,130,1979,63511,6.211508287042689,221
729,The Secret of NIMH,82,1982,35067,5.0840422205170555,433
730,Wild Strawberries,91,1957,91244,7.061708412275319,245
731,Happiness,134,1998,64878,5.881737906435478,1
732,The Philadelphia Story,112,1940,61385,8.495494529455009,254
733,Mysterious Skin,105,2004,64448,4.624361491060144,296
734,The Killing Fields,141,1984,49884,5.0840422205170555,394
735,Contempt,102,1963,27275,5.5,373
736,La Vie En Rose,140,2007,80774,3.610039376516549,320
737,The 400 Blows,99,1959,100236,5.5,227
738,"Duck, You Sucker",138,1971,28669,5.240467536394058,222
739,The Message,177,1976,42413,5.5,490
740,The Invisible Man,71,1933,28839,6.88877347573572,322
741,Red River,133,1948,27055,5.5,224
742,Touch of Evil,95,1958,96120,9.055527902888933,277
743,Lilya 4-Ever,109,2002,41472,6.045873592790375,543
744,K.G.F: Chapter 1,156,2018,30185,5.5,545
745,The Killing,84,1956,78589,5.5,297
746,In a Better World,118,2010,37720,3.472085598023182,252
747,Children of Heaven,89,1997,60930,5.5,474
748,Perfect Strangers,96,2016,53247,5.5,8
749,All Quiet on the Western Front,152,1930,55847,7.5890076294598625,342
750,Andrei Rublev,205,1966,43807,5.5,433
751,Sympathy for Mr. Vengeance,129,2002,60238,2.314792280097719,174
752,The Double Life of Véronique,98,1991,39729,6.717273725254912,62
753,Leviathan,140,2014,47242,7.767567991334224,439
754,High and Low,143,1963,29560,5.5,281
755,"Spring, Summer, Fall, Winter... and Spring",103,2003,74841,6.547221273181471,388
756,Frost/Nixon,122,2008,100247,5.719115045179629,0
757,Hamlet,242,1996,35314,5.5,274
758,5 Centimeters Per Second,63,2007,48310,5.5,77
759,Waking Life,99,2001,59423,6.045873592790375,202
760,Tangerines,87,2013,36753,4.624361491060144,520
761,East of Eden,118,1955,38896,4.47438962317767,86
762,Notorious,102,1946,89409,9.244838284145375,10
763,Watership Down,91,1978,32704,3.335935266158503,213
764,Volver,121,2006,92351,6.3786285438172365,133
765,Arsenic and Old Lace,118,1944,63682,5.5,223
766,Zulu,138,1964,34769,5.240467536394058,319
767,The Vanishing,107,1988,32466,5.5,397
768,Short Cuts,188,1993,41245,5.558019215511944,485
769,Who's Afraid of Virginia Woolf?,131,1966,67062,4.929205047469622,92
770,The Diving Bell and the Butterfly,112,2007,101398,7.767567991334224,227
771,Stagecoach,96,1939,41435,7.947507231830623,348
772,Talk to Her,112,2002,101929,6.717273725254912,467
773,"South Park: Bigger, Longer & Uncut",81,1999,188787,4.624361491060144,53
774,Rang De Basanti,167,2006,107251,5.5,381
775,Peeping Tom,101,1960,29599,5.5,233
776,Tokyo Story,136,1953,49131,5.5,425
777,The Day the Earth Stood Still,92,1951,74900,5.5,0
778,The Manchurian Candidate,126,1962,69731,8.128814864419045,523
779,Infernal Affairs,101,2002,115618,4.929205047469622,134
780,All About My Mother,101,1999,86090,6.88877347573572,90
781,The Station Agent,89,2003,66253,5.881737906435478,203
782,Thank You for Smoking,92,2005,210404,4.326074987792051,310
783,Uri: The Surgical Strike,138,2019,39746,5.5,23
784,Zindagi Na Milegi Dobara,155,2011,64188,5.5,91
785,Cat on a Hot Tin Roof,108,1958,43315,6.3786285438172365,144
786,Eyes Without a Face,90,1960,25584,7.411836877589791,392
787,Underground,167,1995,53700,5.5,25
788,Judgment at Nuremberg,179,1961,66370,2.809868128578279,423
789,Hannah and Her Sisters,107,1986,65003,7.411836877589791,293
790,Swades,189,2004,79680,5.5,351
791,Lagaan: Once Upon a Time in India,224,2001,100916,6.3786285438172365,535
792,Once,86,2007,108389,7.061708412275319,379
793,Dead Man's Shoes,90,2004,48200,1.8527850657860991,257
794,The Hustler,134,1961,73408,7.411836877589791,104
795,Ikiru,143,1952,64018,5.5,116
796,A Man for All Seasons,120,1966,30132,4.47438962317767,343
797,The Big Sleep,114,1946,76881,5.5,347
798,Kal ho naa ho,186,2003,61114,2.0795083794012474,178
799,The Wave,107,2008,99795,5.5,126
800,Neon Genesis Evangelion: The End of Evangelion,87,1997,34973,5.5,379
801,"Aguirre, the Wrath of God",95,1972,50090,5.5,451
802,Frankenstein,70,1931,62593,7.5890076294598625,144
803,The Hidden Fortress,126,1958,32488,5.5,36
804,The Conformist,113,1970,25553,9.244838284145375,392
805,On Golden Pond,109,1981,26720,3.891265051368257,221
806,The Past,130,2013,43642,6.547221273181471,28
807,Bringing Up Baby,102,1938,53320,7.5890076294598625,399
808,The World's Fastest Indian,127,2005,50833,3.891265051368257,201
809,The Cabinet of Dr. Caligari,67,1920,54740,5.5,60
810,Throne of Blood,110,1957,43707,5.5,415
811,Kagemusha,162,1980,30744,6.3786285438172365,250
812,Ayla: The Daughter of War,125,2017,31580,5.5,460
813,Loveless,127,2017,27693,6.717273725254912,164
814,Talvar,132,2015,28986,5.5,474
815,Song of the Sea,93,2014,48447,6.547221273181471,225
816,A Prophet,155,2009,91380,7.411836877589791,396
817,Shadow of a Doubt,108,1943,57245,8.128814864419045,348
818,The Verdict,129,1982,34429,5.240467536394058,396
819,The Lion in Winter,134,1968,28184,5.5,321
820,The African Queen,105,1951,69517,7.5890076294598625,375
821,The Little Prince,108,2015,54253,4.17943631366719,534
822,A Christmas Story,94,1983,127300,5.240467536394058,469
823,Good Bye Lenin!,121,2003,134663,3.891265051368257,413
824,The Taking of Pelham One Two Three,104,1974,25380,3.891265051368257,345
825,A Very Long Engagement,133,2004,69877,5.0840422205170555,228
826,Once Upon a Time in Anatolia,157,2011,39107,6.045873592790375,487
827,Three Colors: White,92,1994,60684,7.061708412275319,330
828,Elite Squad,115,2007,95791,0.21784214468279528,373
829,Open Your Eyes,117,1997,62310,5.5,172
830,"I, Daniel Blake",100,2016,50423,5.39846503184007,357
831,Le Samouraï,101,1967,43077,5.5,27
832,A Man Called Ove,116,2015,44065,4.17943631366719,10
833,Control,122,2007,60254,5.39846503184007,162
834,The Legend of 1900,169,1998,56681,2.558335923994344,374
835,A Hard Day's Night,87,1964,38870,8.495494529455009,182
836,The Lady Vanishes,96,1938,45524,5.5,53
837,Delicatessen,99,1991,78545,3.610039376516549,28
838,Bride of Frankenstein,75,1935,41715,8.311480638249723,549
839,Confessions,106,2010,34410,5.5,375
840,My Name Is Khan,165,2010,95571,1.6349586844932809,260
841,Gilda,110,1946,26769,5.5,139
842,The Exterminating Angel,95,1962,28227,5.5,314
843,The Salesman,124,2016,47629,6.547221273181471,393
844,Philomena,98,2013,92011,5.240467536394058,514
845,Bajrangi Bhaijaan,163,2015,68705,5.5,178
846,The Kid,68,1921,107098,5.5,345
847,The Bandit,128,1996,60881,5.5,328
848,Sholay,162,1975,49581,5.5,99
849,About Elly,119,2009,42729,6.88877347573572,409
850,La Strada,108,1954,56264,5.5,327
851,Fitzcarraldo,158,1982,29899,5.5,252
852,The Passion of Joan of Arc,114,1928,44932,5.5,59
853,The Thin Man,91,1934,25471,5.5,254
854,The Motorcycle Diaries,126,2004,94700,4.929205047469622,193
855,The Grapes of Wrath,129,1940,84066,8.495494529455009,237
856,Out of the Past,97,1947,31299,5.5,96
857,The Celebration,105,1998,75907,6.045873592790375,53
858,Mr. Smith Goes to Washington,129,1939,103349,4.624361491060144,158
859,Head-On,121,2004,49592,5.39846503184007,15
860,Invasion of the Body Snatchers,80,1956,43383,7.767567991334224,340
861,Hera Pheri,156,2000,53434,5.5,325
862,Secrets & Lies,136,1996,35761,7.5890076294598625,138
863,The Man Who Would Be King,129,1975,42743,7.5890076294598625,486
864,Night on Earth,129,1991,53380,3.891265051368257,419
865,The Broken Circle Breakdown,111,2012,38317,4.17943631366719,132
866,Wolf Children,117,2012,36317,4.326074987792051,88
867,The Lady from Shanghai,87,1947,25477,5.5,67
868,Amarcord,123,1973,38274,5.5,486
869,The Battle of Algiers,121,1966,50152,8.495494529455009,348
870,The Discreet Charm of the Bourgeoisie,102,1972,36641,7.947507231830623,186
871,Laura,88,1944,41101,5.5,432
872,Ivan's Childhood,84,1962,29559,5.5,473
873,The Return,110,2003,40869,6.045873592790375,43
874,Pink,136,2016,36544,5.5,347
875,Crimes and Misdemeanors,104,1989,53036,5.240467536394058,377
876,The Odd Couple,105,1968,30527,6.717273725254912,200
877,Once Were Warriors,102,1994,30638,5.240467536394058,57
878,The Girl Who Leapt Through Time,98,2006,57632,5.5,191
879,The Wages of Fear,131,1953,52089,5.5,209
880,To Be or Not to Be,99,1942,26129,6.717273725254912,390
881,Sweet Smell of Success,96,1957,26766,9.244838284145375,506
882,Udaan,134,2010,40935,5.5,544
883,Pierrot le Fou,110,1965,27865,5.5,169
884,Down by Law,107,1986,46359,4.929205047469622,525
885,Haider,160,2014,48603,5.5,127
886,Love Me If You Dare,93,2003,65970,1.1319409878611162,260
887,Brief Encounter,86,1945,34012,5.5,521
888,The Sea Inside,126,2004,75742,4.775972476888869,251
889,Paan Singh Tomar,135,2012,31691,5.5,313
890,Kahaani,122,2012,55422,5.5,129
891,Baahubali 2: The Conclusion,167,2017,71227,5.5,92
892,My Father and My Son,112,2005,75040,5.5,159
893,Cries & Whispers,91,1972,28572,5.5,15
894,To Have and Have Not,100,1944,29889,5.5,424
895,The Gold Rush,95,1925,95859,5.5,285
896,Munna Bhai M.B.B.S.,156,2003,70519,5.5,279
897,The General,67,1926,77555,5.5,405
898,Shine,105,1996,50200,6.88877347573572,390
899,Raise the Red Lantern,125,1991,28221,5.5,34
900,Sunrise,94,1927,45619,5.5,449
901,Sleuth,138,1972,43709,5.5,108
902,The 39 Steps,86,1935,49746,7.947507231830623,362
903,L'Avventura,144,1960,25182,5.5,67
904,Ace in the Hole,111,1951,29896,4.47438962317767,171
905,Diabolique,117,1955,59771,5.5,496
906,Batman: Mask of the Phantasm,76,1993,41194,5.5,159
907,The Experiment,120,2001,89555,2.809868128578279,47
908,Death Note,126,2006,27975,5.5,289
909,"4 Months, 3 Weeks and 2 Days",113,2007,54945,8.680846732894205,105
910,Harvey,104,1950,51569,5.5,102
911,The Innocents,100,1961,25532,7.061708412275319,341
912,Jules and Jim,105,1962,36067,5.5,312
913,Au Revoir les Enfants,104,1987,29990,5.5,203
914,Cell 211,113,2009,62413,5.5,225
915,Dilwale Dulhania Le Jayenge,181,1995,61091,5.5,177
916,Cowboy Bebop: The Movie,115,2001,41501,2.9385521605035354,519
917,My Sassy Girl,123,2001,44288,5.5,491
918,Il Postino,108,1994,32439,5.881737906435478,453
919,Dil Chahta Hai,183,2001,64520,5.5,72
920,Mustang,97,2015,34019,6.211508287042689,238
921,"Black Cat, White Cat",127,1998,49458,4.624361491060144,402
922,Wait Until Dark,108,1967,26810,5.881737906435478,25
923,Hard Boiled,128,1992,45503,5.5,128
924,Interstate 60: Episodes of the Road,116,2002,29073,5.5,293
925,Lupin the 3rd: Castle of Cagliostro,102,1979,25285,4.326074987792051,187
926,Chak de! India,153,2007,70993,3.891265051368257,491
927,A Wednesday,104,2008,71716,5.5,44
928,Nights of Cabiria,110,1957,41274,5.5,331
929,In America,105,2002,39850,5.0840422205170555,285
930,The Purple Rose of Cairo,82,1985,45626,4.929205047469622,13
931,Persepolis,96,2007,86266,7.411836877589791,20
932,Fearless,104,2006,71693,4.17943631366719,105
933,Baby,159,2015,51075,5.5,97
934,Barfi!,151,2012,72957,5.5,367
935,Battleship Potemkin,66,1925,51213,5.5,70
936,Miracle on 34th Street,96,1947,38825,7.061708412275319,367
937,Badhaai Ho,124,2018,25201,5.5,498
938,Queen,146,2013,58277,5.5,207
939,Vivre Sa Vie,85,1962,26057,5.5,262
940,Fireworks,103,1997,26582,5.5,174
941,The Chorus,97,2004,55649,2.314792280097719,422
942,Airlift,130,2016,51232,5.5,510
943,After the Wedding,120,2006,30947,5.39846503184007,227
944,White Heat,114,1949,28549,5.5,81
945,Udta Punjab,148,2016,25548,5.5,442
946,Hiroshima Mon Amour,90,1959,26964,5.5,21
947,No Man's Land,98,2001,43655,6.3786285438172365,182
948,Veer-Zaara,192,2004,47338,3.749773326482549,340
949,Tokyo Godfathers,92,2003,29192,4.624361491060144,19
950,Dev.D,144,2009,27750,5.5,91
951,Vizontele,110,2001,31818,5.5,235
952,The Killer,111,1989,44672,6.045873592790375,72
953,The Ladykillers,91,1955,25353,7.5890076294598625,302
954,Departures,130,2008,47205,3.891265051368257,1
955,Tae Guk Gi: The Brotherhood of War,140,2004,37089,3.335935266158503,322
956,Black,122,2005,32538,5.5,212
957,Love and Death,85,1975,34860,7.236066721638213,256
958,The Secret of Kells,75,2009,30070,5.881737906435478,41
959,Inherit the Wind,128,1960,26286,4.929205047469622,212
960,Joint Security Area,110,2000,25219,2.558335923994344,533
961,Special 26,144,2013,48699,5.5,177
962,Elite Squad 2: The Enemy Within,115,2010,77674,4.326074987792051,428
963,C.R.A.Z.Y.,127,2005,31029,5.881737906435478,310
964,The Rules of the Game,110,1939,25775,5.5,437
965,G.O.R.A.,127,2004,54458,5.5,9
966,Sherlock Jr.,45,1924,38560,5.5,74
967,The Virgin Spring,89,1960,25495,5.5,439
968,The Lost Weekend,101,1945,32395,5.5,530
969,Andaz Apna Apna,160,1994,47760,5.5,160
970,Nine Queens,114,2000,48282,5.719115045179629,100
971,Sanjuro,96,1962,30714,5.5,31
972,Jab We Met,138,2007,45572,5.5,249
973,Evil,113,2003,34869,2.9385521605035354,397
974,Adam's Apples,94,2005,44087,1.7427371574623636,13
975,Lifeboat,97,1944,25575,5.39846503184007,109
976,OMG: Oh My God!,125,2012,48679,5.5,512
977,Kind Hearts and Coronets,106,1949,33470,5.5,449
978,The Triplets of Belleville,80,2003,49645,7.5890076294598625,87
979,The Visitor,104,2007,40983,5.558019215511944,282
980,Knockin' on Heaven's Door,87,1997,26713,5.5,417
981,Bhaag Milkha Bhaag,186,2013,58454,5.5,408
982,The Edge of Heaven,122,2007,30070,6.547221273181471,353
983,Vampire Hunter D: Bloodlust,103,2000,28257,3.069142795635289,304
984,Central Station,110,1998,34906,5.719115045179629,349
985,Vicky Donor,126,2012,38100,5.5,283
986,The Magdalene Sisters,114,2002,25405,6.211508287042689,531
987,Le Dîner de Cons,80,1998,36285,4.624361491060144,427
988,Drishyam,160,2013,29202,5.5,19
989,The Shop Around the Corner,99,1940,26392,8.495494529455009,216
990,La Grande Illusion,113,1937,32878,5.5,493
991,A Night at the Opera,96,1935,29729,5.5,348
992,The Muppet Christmas Carol,85,1992,46082,3.335935266158503,542
993,Zelig,79,1983,38845,5.5,469
994,Joyeux Noel,116,2005,26953,4.17943631366719,419
995,"Carry On, Munna Bhai",144,2006,41268,5.5,151
996,And Now for Something Completely Different,88,1971,28234,5.5,388
997,Boy A,102,2007,36297,4.929205047469622,371
998,English Vinglish,134,2012,32246,5.5,397
999,The Breath,128,2009,30980,5.5,12
